admin_tag,final_call_type
NULL,ALARM - AUDIBLE AUTOMOBILE (UNOCC/ANTI-THEFT)
NULL,ALARM - COMM  HOLD-UP/PANIC (EXCEPT BANKS)
NULL,ALARM - COMM  SILENT/AUD BURG (INCL BANKS)
NULL,ALARM - RESIDENTIAL - BURGLARY  SILENT/AUDIBLE
NULL,ALARM - RESIDENTIAL - SILENT/AUD PANIC/DURESS
NULL,ALARM-COMM (INC BANK  ATM  SCHOOLS  BSN)
NULL,ALARM-COMM ROBB (BANK  PANIC  DURESS)
NULL,ALARM-OTHER (VARDA PDT FIRE LOCAL METRO ETC))
NULL,ALARM-RESIDENTIAL BURG
NULL,ALARM-RESIDENTIAL PANIC OR DURESS
NULL,ALARM-VEHICLE ALARMS
NULL,ANIMAL - DANGEROUS
NULL,ANIMAL - INJURED  DEAD HAZARD  OTHER
NULL,ANIMAL COMPLAINT - INJURED DEAD DANGEROUS
NULL,ANIMAL COMPLAINT - NOISE STRAY BITE
NULL,ARSON - REPORT
NULL,ARSON  BOMBS  EXPLO - ARSON
NULL,ARSON  BOMBS  EXPLO - RECKLESS BURNING
NULL,ARSON BOMBS EXPLO - BOMBS  EXPLO LARGE FIREWORKS
NULL,ASLT - CRITICAL (NO SHOOTINGS)
NULL,ASLT - DV
NULL,ASLT - DV CRITICAL
NULL,ASLT - MOLESTED ADULT (GROPED  FONDLED  ETC.)
NULL,ASLT - PERSON SHOT OR SHOT AT
NULL,ASLT - WITH OR W/O WPNS (NO SHOOTINGS)
NULL,ASSAULTS - FIREARM INVOLVED
NULL,ASSAULTS - GANG RELATED
NULL,ASSAULTS - HARASSMENT  THREATS
NULL,ASSAULTS - TELEPHONE  WRITING
NULL,ASSAULTS  OTHER
Non-Patrol,ASSIGNED DUTY - CENTURYLINK STADIUM
Non-Patrol,ASSIGNED DUTY - COMMUNITY SCHOOL SPECIAL EVENT
Non-Patrol,ASSIGNED DUTY - COURT
Non-Patrol,ASSIGNED DUTY - DETAIL BY SUPERVISOR
Non-Patrol,ASSIGNED DUTY - FOOT BEAT (FROM ASSIGNED CAR)
Non-Patrol,ASSIGNED DUTY - HOSPITAL GUARD
Non-Patrol,ASSIGNED DUTY - IN-SERVICE TRAINING
Non-Patrol,ASSIGNED DUTY - MEET W/ SUPERVISOR (OUT OF SVC)
Non-Patrol,ASSIGNED DUTY - OTHER ESCORT
Non-Patrol,ASSIGNED DUTY - REPORTS
Non-Patrol,ASSIGNED DUTY - SEATTLE CENTER EVENT
Non-Patrol,ASSIGNED DUTY - STAKEOUT
Non-Patrol,ASSIGNED DUTY - STATION DUTY (CLERK MAIL ETC)
Non-Patrol,ASSIGNED DUTY - TRANSPORT EVIDENCE EQUIPMENT
Non-Patrol,ASSIST OTHER AGENCY - CITY AGENCY
Non-Patrol,ASSIST OTHER AGENCY - COUNTY AGENCY
Non-Patrol,ASSIST OTHER AGENCY - EMERGENCY SERVICE
Non-Patrol,ASSIST OTHER AGENCY - FEDERAL AGENCY
Non-Patrol,ASSIST OTHER AGENCY - ROUTINE SERVICE
Non-Patrol,ASSIST OTHER AGENCY - STATE AGENCY
Non-Patrol,ASSIST PUBLIC - 911 HANG UP  OPEN LINE
Non-Patrol,ASSIST PUBLIC - NO WELFARE CHK OR DV ORDER SERVICE
Non-Patrol,ASSIST PUBLIC - OTHER (NON-SPECIFIED)
Non-Patrol,ASSIST SPD
NULL,AUTO - THEFT/LOSS OF PLATES
NULL,AUTO RECOVERY
NULL,AUTO THEFT - VEH THEFT OR THEFT AND RECOVERY
NULL,AUTOMOBILES - ABANDONED CAR
NULL,AUTOMOBILES - AUTO THEFT
NULL,AUTOMOBILES - AUTO THEFT & RECOVERY
NULL,AUTOMOBILES - LICENSE PLATE(S) THEFT OR LOSS
NULL,AUTOMOBILES - RECOVERY (THEFT)
NULL,AWOL - ADULT OR JUVENILE
NULL,BIAS
NULL,BOMB - THREATS
NULL,BROADCAST AND CLEAR BY RADIO
NULL,BURG - COMM BURGLARY
NULL,BURG - OCCUPIED RESD
NULL,BURG - RESD (INCL UNOCC STRUCTURES ON PROP)
NULL,BURGLARY - NON RESIDENTIAL/COMMERCIAL
NULL,BURGLARY - RESIDENTIAL OCCUPIED
NULL,BURGLARY - RESIDENTIAL  UNOCCUPIED
NULL,BURGLARY - UNOCC STRUC ON RESN PROP
NULL,BURN - RECKLESS BURNING
NULL,CASUALTY NON-TRAF NON-CRIM - DRUG RELATED (OD)
NULL,CASUALTY NON-TRAF NON-CRIM - NON-DRUG RELATED
NULL,CHILD - ABANDONED  ABUSED AND NEGLECTED
NULL,CHILD - CHILD ENDANGERMENT
NULL,CHILD - CRITICAL ABAND  ABUSE  MOLEST  NEGLECT
NULL,CRISIS COMPLAINT - GENERAL
NULL,CRISIS COMPLAINT - PICK-UP OR TRANSPORT
NULL,CROWD MGMNT (STAND BY ONLY)
NULL,DEMO MGMNT (CONTROL TACTICS USED)
NULL,DEMONSTRATIONS
NULL,DETOX - REQUEST FOR
NULL,DIRECTED PATROL ACTIVITY
NULL,DISTURBANCE
NULL,DISTURBANCE - DV - NO ASLT
NULL,DISTURBANCE - DV CRITICAL
NULL,DISTURBANCE - FIGHT
NULL,DISTURBANCE - JUVENILE
NULL,DISTURBANCE - NOISE
NULL,DISTURBANCE - NOISE RESIDENTIAL
NULL,DISTURBANCE - OTHER
NULL,DOMESTIC SEX TRAFFICKING
NULL,DOWN - CHECK FOR DOWN PERSON
Non-Patrol,DOWN TIME - OUT OF SERVICE
NULL,DRIVE BY SHOOTING - NO INJURIES
NULL,DUI - DRIVING UNDER INFLUENCE
NULL,DV - ARGUMENTS  DISTURBANCE (NO ARREST)
NULL,DV - ASSIST VICTIM BY COURT ORDER
NULL,DV - DOMESTIC THREATS BY PHONE OR WRITING
NULL,DV - DOMESTIC VIOL/ASLT (ARREST MANDATORY)
NULL,DV - DOMESTIC VIOLENCE (ARREST DISCRETIONARY)
NULL,DV - ENFORCE COURT ORDER (ARREST MANDATED)
NULL,DV - SERVICE OF COURT ORDER
NULL,DV - STANDBY TO ASSURE PEACE
NULL,DV -VULNERABLE ADULT  FINANCIAL EXPLOITATION
NULL,DV -VULNERABLE ADULT  NEGLECT
NULL,E.R.T./HOSTAGE
Non-Patrol,ELEMENTARY SCHOOL VISIT
NULL,FIGHT - CRITICAL WITH WEAPONS
NULL,FIREWORKS (NO HAZARD)
Non-Patrol,FOLLOW UP
NULL,FOOT - ELUDING POLICE
NULL,FOUND PERSON
NULL,FRAUD
NULL,FRAUD - FORGERY  BAD CHECKS
NULL,FRAUD - FRAUD  INCLUDING BUNCO
NULL,GAS/MAINTENANCE/WASH/GARAGE
NULL,HARAS - NO BIAS OR THREATS
NULL,HARBOR - ASSIST BOATER (NON EMERG)
NULL,HARBOR - BOAT ACCIDENT
NULL,HARBOR - DEBRIS  NAVIGATIONAL HAZ
NULL,HARBOR - HARBOR CODE VIOLATION
NULL,HARBOR - MARINE FIRE
NULL,HARBOR - PERSON IN WATER
NULL,HARBOR - VESSEL  ABANDONED
NULL,HARBOR - VESSEL  THEFT AND RECOVERY
NULL,HARBOR - WATER DEBRIS  NAVIGATIONAL HAZARDS
NULL,HARBOR - WATER EMERGENCIES
NULL,HAZ - CRITICAL
NULL,HAZ - POTENTIAL THRT TO PHYS SAFETY
NULL,HAZARDS - HAZARDS
NULL,HELP THE OFFICER
NULL,HELP THE OFFICER -ASSIST THE OFFICER (NON EMERG)
NULL,HOMICIDE
Non-Patrol,HOSPITAL GUARD ASSIGNMENT
NULL,ILLEGAL DUMPING
Non-Patrol,INFORMATIONAL BROADCASTS
NULL,INJURED -  PERSON/INDUSTRIAL ACCIDENT
NULL,INTOX & LIQ VIOLS - ADULTS (VIOLATIONS)
NULL,INTOX & LIQ VIOLS - INTOXICATED PERSON
NULL,INTOX & LIQ VIOLS - MINORS (VIOLATIONS)
NULL,JUVENILE - RUNAWAY PICKUP
NULL,KIDNAP - CUSTODIAL INTERFERENCE
NULL,KIDNAP - GENERAL
NULL,LEWD -  (EXPOSING  FLASHING)
NULL,LIQUOR VIOLATIONS - ADULT
NULL,MISC MISD AND VIOLS - PARKS EXCLUSION
NULL,MISC MISD AND VIOLS - RECKLESS ENDANGERMENT
NULL,MISCHIEF OR NUISANCE - GENERAL
NULL,MISSING - (ALZHEIMER  ENDANGERED  ELDERLY)
NULL,MISSING - ADULT
NULL,MISSING - CHILD
NULL,MVC - HIT AND RUN
NULL,NARCOTICS - DRUG TRAFFIC LOITERING
NULL,NARCOTICS - FOUND
NULL,NARCOTICS - FOUND   RECOVERED NARCOTICS
NULL,NARCOTICS - MARIJUANA PUBLIC USE(NOT DISPENSARY)
NULL,NARCOTICS - NARCOTICS WARRANT SERVICE
NULL,NARCOTICS - NARS REPORT
NULL,NARCOTICS - OTHER
NULL,NARCOTICS - VIOLATIONS (LOITER  USE  SELL  NARS)
NULL,NO ANSWER WHEN CALLED
NULL,NOISE - ANIMAL (INCLUDES BARKING DOGS)
NULL,NOISE - GENERAL
NULL,NUISANCE
NULL,OBS - ANIMAL - ASSIST ANIMAL CONTROL OFCR
NULL,OBS - ANIMAL - IP/JO - BITE
NULL,OBS - AUTO THEFT-IP/JO - VEHICLE  PLATES  TABS
NULL,OBS - BURG - IP/JO - COMM BURG (INCLUDES SCHOOLS)
NULL,OBS - DOA - CASUALTY  DEAD BODY
NULL,OBS - DOWN - CHECK FOR PERSON DOWN
NULL,OBS - EXPLOSION - IP/JO
NULL,OBS - FIGHT - IP - PHYSICAL (NO WEAPONS)
NULL,OBS - FIGHT - VERBAL/ORAL (NO WEAPONS)
NULL,OBS - INJURED - IP/JO - PERSON/INDUSTRIAL ACCIDENT
NULL,OBS - IP/JO - RACIAL  POLITICAL  SEXUAL MOTIVATION
NULL,OBS - MVC - NON INJURY  BLOCKING
NULL,OBS - MVC - UNK INJURIES
NULL,OBS - MVC - WITH INJURIES (INCLUDES HIT AND RUN)
NULL,OBS - NOISE - DISTURBANCE (PARTY  ETC)
NULL,OBS - PROWLER
NULL,OBS - RAPE - IP/JO
NULL,OBS - REPORT  NON INJ/NON BLKG OR AFTER FACT INJ
NULL,OBS - SAMPLE / TEST CALL ONLY
NULL,OBS - SUSPICIOUS PACKAGE
NULL,OBS - UNKNOWN - ANI/ALI - PAY PHN (INCL OPEN LINE)
NULL,OBS WEAPN-IP/JO-GUN DEADLY WPN (NO THRT/ASLT/DIST)
NULL,OFF DUTY EMPLOYMENT
NULL,ORDER  - SERVICE OF DV COURT ORDER
NULL,ORDER - ASSIST DV VIC W/SRVC OF COURT ORDER
NULL,ORDER - CRITICAL VIOLATION OF DV COURT ORDER
NULL,ORDER - VIOLATING DV COURT ORDER
NULL,ORDER - VIOLATION OF COURT ORDER (NON DV)
Non-Patrol,OUT AT RANGE
Non-Patrol,OUT OF CAR/NO REASON GIVEN
Non-Patrol,OUT TO PRECINCT/STATION
NULL,OVERDOSE
NULL,PANHANDLING  AGGRESSIVE
NULL,PARKING VIOLATION (EXCEPT ABANDONED CAR)
NULL,PEACE-STANDBY TO ASSURE (NO COURT ORDR SVC)
NULL,PEDESTRIAN VIOLATIONS
NULL,PERSON - FOUND PERSON
NULL,PERSON - LOST PERSON
NULL,PERSON - MISSING PERSON
NULL,PERSON - RUNAWAY
NULL,PERSON IN BEHAVIORAL/EMOTIONAL CRISIS
NULL,PHONE - OBSCENE OR NUISANCE PHONE CALLS
NULL,PREMISE CHECK  OFFICER INITIATED ONVIEW ONLY
NULL,PREMISE CHECKS - BUSINESS CHECK
NULL,PREMISE CHECKS - CRIME PREVENTION
NULL,PREMISE CHECKS - HOMELESS ENCAMPMENT
NULL,PREMISE CHECKS - LICENSE INSPECTIONS
NULL,PREMISE CHECKS - REQUEST TO WATCH
Non-Patrol,PREPLANNED EVENT
Non-Patrol,PRISONER ESCORT - BUSY CODE
NULL,PROPERTY - DAMAGE
NULL,PROPERTY - DAMAGE (GUN RELATED)
NULL,PROPERTY - FOUND
NULL,PROPERTY - FOUND GUN  SHELLCASINGS
NULL,PROPERTY - FOUND PROPERTY
NULL,PROPERTY - FOUND PROPERTY (NON-SPD SIN)
NULL,PROPERTY - LOST OR MISSING
NULL,PROPERTY - MISSING PROPERTY
NULL,PROPERTY DEST (DAMG)
NULL,PROPERTY DEST (DAMG) - GRAFFITI (INCLUDES GANG)
NULL,PROWLER - GENERAL
NULL,PROWLER - TRESPASS
NULL,PROWLER - TRESPASS  PARKS EXCLUSION
NULL,RAPE
NULL,RAPE - KNOWN SUSPECT (ACQUAINTANCE)
NULL,RAPE - UNKNOWN SUSPECT (STRANGER)
NULL,REQUEST TO WATCH
NULL,ROBBERY (INCL STRONG ARM)
NULL,ROBBERY - ARMED
NULL,ROBBERY - CRITICAL (INCLUDES STRONG ARM)
NULL,ROBBERY - STRONG ARM
NULL,SERVICE - WELFARE CHECK
NULL,SEX IN PUBLIC PLACE (INCL MASTURBATION)
NULL,SEX OFFENDER - FAILURE TO REGISTER
NULL,SEX OFFENSES (NON-RAPE) - FAILURE TO REGISTER
NULL,SEX OFFENSES (NON-RAPE) - LEWD CONDUCT
NULL,SEX OFFENSES (RAPE) - MOLESTING
NULL,SFD - ASSIST ON CRITICAL FIRE OR MEDIC RESPONSE
NULL,SFD - ASSIST ON FIRE OR MEDIC RESPONSE
NULL,SHOPLIFT - THEFT
NULL,SHOTS HEARD - DELAY
NULL,SHOTS HEARD - IN PROGRESS
Non-Patrol,STADIUM EVENT ASSIGNMENT
NULL,SUICIDE - CRITICAL
NULL,SUICIDE - SUICIDAL PERSON AND ATTEMPTS
NULL,SUSPICIOUS CIRCUM. - BUILDING (OPEN DOOR  ETC)
NULL,SUSPICIOUS CIRCUM. - SUSPICIOUS PERSON
NULL,SUSPICIOUS CIRCUM. - SUSPICIOUS VEHICLE
NULL,SUSPICIOUS PERSON  VEHICLE  OR INCIDENT
NULL,SUSPICIOUS STOP - OFFICER INITIATED ONVIEW
NULL,SWATTING
Non-Patrol,TEST CALL ONLY
NULL,THEFT (DOES NOT INCLUDE SHOPLIFT OR SVCS)
NULL,THEFT - ALL OTHER
NULL,THEFT - AUTO ACCESSORIES
NULL,THEFT - BICYCLE
NULL,THEFT - CAR PROWL
NULL,THEFT - SHOPLIFT
NULL,THEFT OF SERVICES
NULL,THREATS (INCLS IN-PERSON/BY PHONE/IN WRITING)
NULL,TRAF - ELUDING POLICE
NULL,TRAFFIC - ASSIST MOTORIST
NULL,TRAFFIC - BICYCLE VIOLATION
NULL,TRAFFIC - BLOCKING ROADWAY
NULL,TRAFFIC - BLOCKING TRAFFIC
NULL,TRAFFIC - BO SIGNALS AND DOWN SIGNS
NULL,TRAFFIC - COMMUNITY TRAFFIC COMPLAINT (CTC)
NULL,TRAFFIC - D.U.I.
NULL,TRAFFIC - MOVING VIOLATION
NULL,TRAFFIC - MV COLLISION INVESTIGATION
NULL,TRAFFIC - PARKING VIOL (EXCEPT ABANDONED CAR)
NULL,TRAFFIC - PEDESTRIAN VIOLATION
NULL,TRAFFIC - REFUSE TO STOP (PURSUIT)
NULL,TRAFFIC - ROAD RAGE
NULL,TRAFFIC - SCHOOL ZONE ENFORCEMENT
NULL,TRAFFIC - TRAFFIC CONTROL (SPECIAL EVENTS)
NULL,TRAFFIC STOP - OFFICER INITIATED ONVIEW
NULL,TREES DOWN  OBSTRUCTING PUBLIC PROP (NO HAZ)
NULL,TRESPASS
NULL,TRU - FRAUD
NULL,TRU - SUSPICIOUS CIRCUMSTANCES
NULL,TRU - THREATS
NULL,UNKNOWN - ANI/ALI - LANDLINE (INCLUDES OPEN LINE)
NULL,UNKNOWN - ANI/ALI - WRLS PHNS (INCL OPEN LINE)
NULL,UNKNOWN - COMPLAINT OF UNKNOWN NATURE
NULL,VICE - GAMBLING
NULL,VICE - LIQUOR (BUSINESS ESTABLISHMENT)
NULL,VICE - OTHER
NULL,VICE - PROSTITUTION
NULL,WARRANT - FELONY PICKUP
NULL,WARRANT - MISD PICKUP
NULL,WARRANT - SEARCH. CAUTION (EXCL NARCOTICS)
NULL,WARRANT - SEARCH. EXECUTED  SECURED
NULL,WARRANT PICKUP - FROM OTHER AGENCY
NULL,WARRANT SERVICES - FELONY
NULL,WARRANT SERVICES - MISDEMEANOR
NULL,WEAPN - GUN DEADLY WPN (NO THRTS/ASLT/DIST)
NULL,WEAPON  PERSON WITH - GUN
NULL,WEAPON PERSON WITH - OTHER WEAPON
NULL,WIRES DOWN (PHONE  ELECTRICAL ETC.)